---
---

/post/622806395353530368/a-vastidão-da-noite	/2020/06/a-vastidao-da-noite/	301
/post/622807217329078272/um-ranking-de-todos-os-the-legend-of-zelda	/2020/06/the-legend-of-zelda-ranking/	301
/post/622807677178970112/sobre-felicidade	/2020/06/sobre-felicidade/	301
/post/622808298060644353/eu-não-sei-se-vou-conseguir-ver-o-fim-do-mundo-na	/2020/05/eu-nao-sei-se-vou-conseguir-ver-o-fim-do-mundo-na-tv/	301
/post/622808577314258944/no-fim-das-contas-eu-me-reapaixonei-por-música-no	/2020/05/no-fim-das-contas-eu-me-reapaixonei-por-musica-no-meio-de-tudo-isso/	301
/post/622808783371091968/por-que-community-é-tão-especial-pra-mim	/2020/05/por-que-community-e-tao-especial-pra-mim/	301
/post/622809376192872448/eu-jogo-animal-crossing-e-fico-pensando-no-futuro	/2020/05/eu-jogo-animal-crossing-e-fico-pensando-no-futuro/	301
/post/622809777625612288/os-filmes-de-kelly-reichardt-oferecem-um-conforto	/2020/05/os-filmes-de-kelly-reichardt-oferecem-um-conforto-estranho-durante-a-quarentena/	301
/post/622810352178102272/vai-passar	/2020/05/foi-assim-que-fleabag-partiu-meu-coração/	301
/post/622810705388797952/bem-olá	/2020/05/bem-ola/	301
/post/622831237314347008/	/2016/02/pokemon-20-anos/	301
/post/622831013529305088/	/2016/02/to-the-moon/	301
/post/622830853559599104/	/2016/02/ela/	301
/post/622830548134625280/	/2016/02/crush-songs/	301
/post/622830399842811904/	/2016/02/love-netflix/	301
/post/622830248225112064/	/2016/02/viajo-porque-preciso-volto-porque-te-amo/	301
/post/622829746302205952/	/2016/02/firewatch/	301
/post/622829472778944512/	/2016/02/amor-sem-fim/	301
/post/622829306484326400/	/2016/02/zodiaco/	301
/post/622829098229776384/	/2016/02/serial-faz-historia-a-cada-episodio/	301
/post/622828669835083776/	/2016/02/her-story-e-estranho-porem-unico/	301
/post/622828360337440768/	/2016/01/animal-crossing-new-leaf/	301
/post/622828174019084288/	/2016/01/community-se-despediu-com-uma-das-suas-melhores-temporadas/	301
/post/622827558330859520/	/2015/12/the-leftovers-segunda-temporada/	301
/post/622827323388985344/	/2015/12/por-uma-vida-melhor/	301
/post/622827181084753920/	/2015/12/space-age/	301
/post/622826983859142657/	/2015/12/cinco-coisas-pra-terminar-2015/	301
/post/622826805203746816/	/2015/09/hannibal/	301
/post/622826605551681536/	/2015/08/journey/	301
/post/622826251895308288/	/2015/03/looking-a-segunda-temporada/	301
/post/622826024304050176/	/2015/02/here-and-there-along-the-echo/	301
/post/622825635739549696/	/2015/01/os-10-melhores-de-2014/	301
/post/622825301883404288/	/2015/01/kentucky-route-zero-act-iii-corroi-sua-alma-com-dividas-do-passado/	301
/post/622824601467174912/	/2014/09/a-cabeca-e-o-coracao/	301
/post/622824433899520000/	/2014/08/the-sims-4-parece-ser-de-uma-nova-maxis/	301
/post/622824134953631744/	/2014/08/serena-ian-mcewan/	301
/post/622812623786885120/	/2014/08/burnout-paradise/	301
/post/622812740789108736/	/2014/07/grandes-astros-superhomem/	301
/post/622396109544947712/	/2014/07/dont-hug-me-im-scared-o-limite-das-criatividades/	301
/post/622395936365297664/	/2014/07/vikings-e-a-tentativa-do-naofalsoreal/	301
/post/622395671801184256/	/2014/07/o-grande-gatsby-e-a-era-do-jazz/	301
/post/622395460918837248/	/2014/07/flash-constantine-e-a-oportunidade-do-novo/	301
/post/189392906808/	/2014/06/limites-e-demonstracoes-a-brisa-na-estrada-de-kentucky-route-atos-1-e-2/	301
/post/189392839338/	/2014/05/iliada-de-odyr/	301
/post/189392773918/	/2014/05/rise-and-shine-mr-freeman/	301
/post/189392613243/	/2014/04/o-mito-do-garotodeduascabecas/	301
/post/189392528838/	/2014/04/community/	301
/post/189392304813/	/2014/03/sherlock/	301
/post/189392251373/	/2014/02/sweet-tooth/	301
/post/189392182953/	/2014/02/ela/	301
/post/189392086238/	/2014/02/uma-aventura-lego/	301
/post/189391903883/	/2014/02/true-detective/	301
/post/189391748838/	/2014/01/o-anjo-exterminador/	301
/post/189391633783/você-ainda-não-assistiu-black-mirror/	/2013/11/voce-ainda-nao-assistiu-black-mirror/	301
{% for tag in site.tags %}
/tagged/{{ tag | first | slugify }}	/arquivo/tags/{{ tag | first | slugify }}/	301
/tags/{{ tag | first | slugify }}	/arquivo/tags/{{ tag | first | slugify }}/	301
{%- endfor -%}
